chrom	start	end	cell_type	cnv_type
chr8	1	5120000	stem, cancer cell	gain
chr8	5120001	10240000	stem, cancer cell	gain
chr8	10240001	15360000	stem, cancer cell	gain
chr8	15360001	20480000	stem, cancer cell	gain
chr8	20480001	25600000	stem, cancer cell	gain
chr8	25600001	30720000	stem, cancer cell	gain
chr8	30720001	35840000	stem, cancer cell	gain
chr8	35840001	40960000	stem, cancer cell	gain
chr8	40960001	46080000	stem, cancer cell	gain
chr8	46080001	51200000	stem, cancer cell	gain
chr8	51200001	56320000	stem, cancer cell	gain
chr8	56320001	61440000	stem, cancer cell	gain
chr8	61440001	66560000	stem, cancer cell	gain
chr8	66560001	71680000	stem, cancer cell	gain
chr8	71680001	76800000	stem, cancer cell	gain
chr8	76800001	81920000	stem, cancer cell	gain
chr8	81920001	87040000	stem, cancer cell	gain
chr8	87040001	92160000	stem, cancer cell	gain
chr8	92160001	97280000	stem, cancer cell	gain
chr8	97280001	102400000	stem, cancer cell	gain
chr8	102400001	107520000	stem, cancer cell	gain
chr8	107520001	112640000	stem, cancer cell	gain
chr8	112640001	117760000	stem, cancer cell	gain
chr8	117760001	122880000	stem, cancer cell	gain
chr8	122880001	128000000	stem, cancer cell	gain
chr8	128000001	133120000	stem, cancer cell	gain
chr8	133120001	138240000	stem, cancer cell	gain
chr8	138240001	143360000	stem, cancer cell	gain
chr8	143360001	145138636	stem, cancer cell	gain
chr20	1	5120000	stem, cancer cell	gain
chr20	5120001	10240000	stem, cancer cell	gain
chr20	10240001	15360000	stem, cancer cell	gain
chr20	15360001	20480000	stem, cancer cell	gain
chr20	20480001	25600000	stem, cancer cell	gain
chr20	30720001	35840000	stem, cancer cell	gain
chr20	35840001	40960000	stem, cancer cell	gain
chr20	40960001	46080000	stem, cancer cell	gain
chr20	46080001	51200000	stem, cancer cell	gain
chr20	51200001	56320000	stem, cancer cell	gain
chr20	56320001	61440000	stem, cancer cell	gain
chr20	61440001	64444167	stem, cancer cell	gain
chr12	7288360	10240000	stem, cancer cell	loss
chr12	10240001	15360000	stem, cancer cell	loss
chr12	15360001	16757762	stem, cancer cell	loss
chr18	1	5120000	stem, cancer cell	loss
chr18	5120001	10240000	stem, cancer cell	loss
chr18	10240001	15360000	stem, cancer cell	loss
chr18	20480001	25600000	stem, cancer cell	loss
chr18	25600001	30720000	stem, cancer cell	loss
chr18	30720001	35840000	stem, cancer cell	loss
chr18	35840001	40960000	stem, cancer cell	loss
chr18	40960001	46080000	stem, cancer cell	loss
chr18	46080001	51200000	stem, cancer cell	loss
chr18	51200001	56320000	stem, cancer cell	loss
chr18	56320001	61440000	stem, cancer cell	loss
chr18	61440001	66560000	stem, cancer cell	loss
chr18	66560001	71680000	stem, cancer cell	loss
chr18	71680001	76800000	stem, cancer cell	loss
chr18	76800001	80373285	stem, cancer cell	loss
chr1	150000001	155000000	stem, cancer cell	loh
chr1	155000001	160000000	stem, cancer cell	loh
chr1	160000001	165000000	stem, cancer cell	loh
chr1	165000001	170000000	stem, cancer cell	loh
chr1	170000001	175000000	stem, cancer cell	loh
chr1	175000001	180000000	stem, cancer cell	loh
chr1	180000001	185000000	stem, cancer cell	loh
chr1	185000001	190000000	stem, cancer cell	loh
chr1	190000001	195000000	stem, cancer cell	loh
chr1	195000001	200000000	stem, cancer cell	loh
chr1	200000001	205000000	stem, cancer cell	loh
chr1	205000001	210000000	stem, cancer cell	loh
chr1	210000001	215000000	stem, cancer cell	loh
chr1	215000001	220000000	stem, cancer cell	loh
chr1	220000001	225000000	stem, cancer cell	loh
chr1	225000001	230000000	stem, cancer cell	loh
chr1	230000001	235000000	stem, cancer cell	loh
chr1	235000001	240000000	stem, cancer cell	loh
chr1	240000001	245000000	stem, cancer cell	loh
chr1	245000001	248956422	stem, cancer cell	loh
chr6	1	5000000	stem, cancer cell	loh
chr6	5000001	10000000	stem, cancer cell	loh
chr6	10000001	15000000	stem, cancer cell	loh
chr6	15000001	20000000	stem, cancer cell	loh
chr6	20000001	25000000	stem, cancer cell	loh
chr6	25000001	30000000	stem, cancer cell	loh
chr10	40000001	45000000	stem, cancer cell	loh
chr10	45000001	50000000	stem, cancer cell	loh
chr10	50000001	55000000	stem, cancer cell	loh
chr10	55000001	60000000	stem, cancer cell	loh
chr10	60000001	65000000	stem, cancer cell	loh
chr10	65000001	70000000	stem, cancer cell	loh
chr10	70000001	75000000	stem, cancer cell	loh
chr10	75000001	80000000	stem, cancer cell	loh
chr10	80000001	85000000	stem, cancer cell	loh
chr10	85000001	90000000	stem, cancer cell	loh
chr10	90000001	95000000	stem, cancer cell	loh
chr10	95000001	100000000	stem, cancer cell	loh
chr10	100000001	105000000	stem, cancer cell	loh
chr10	105000001	110000000	stem, cancer cell	loh
chr10	110000001	115000000	stem, cancer cell	loh
chr10	115000001	120000000	stem, cancer cell	loh
chr10	120000001	125000000	stem, cancer cell	loh
chr10	125000001	130000000	stem, cancer cell	loh
chr10	130000001	133797422	stem, cancer cell	loh
chr11	70000001	75000000	stem, cancer cell	loh
chr11	75000001	80000000	stem, cancer cell	loh
chr11	80000001	85000000	stem, cancer cell	loh
chr11	85000001	90000000	stem, cancer cell	loh
chr11	90000001	95000000	stem, cancer cell	loh
chr11	95000001	100000000	stem, cancer cell	loh
chr11	100000001	105000000	stem, cancer cell	loh
chr11	105000001	110000000	stem, cancer cell	loh
chr11	110000001	115000000	stem, cancer cell	loh
chr11	115000001	120000000	stem, cancer cell	loh
chr11	120000001	125000000	stem, cancer cell	loh
chr11	125000001	130000000	stem, cancer cell	loh
chr11	130000001	135000000	stem, cancer cell	loh
