chrom	arm	start	end	clone	n_cell	allele	cnv_type
1	p	-Inf	130000000	4	7	A	loss
1	q	130000000	Inf	1	227	AAAAB	gain
1	q	130000000	Inf	2	221	AAAAB	gain
1	q	130000000	Inf	3	34	AAAAB	gain
1	q	130000000	Inf	4	7	AAA	gain
2	p	-Inf	141039268	1	227	AAB	gain
2	p	-Inf	141039268	2	221	ABB	gain
2	p	-Inf	141039268	3	34	ABB	gain
2	p	-Inf	141039268	4	7	ABB	gain
2	q	141039268	Inf	1	227	AAB	gain
2	q	141039268	Inf	3	34	ABB	gain
3	q	47876763	Inf	1	227	AAB	gain
7	NA	-Inf	Inf	1	227	AAB	gain
13	NA	-Inf	Inf	4	7	A	loss
14	NA	-Inf	Inf	1	227	A	loss
14	NA	-Inf	Inf	2	221	B	loss
14	NA	-Inf	Inf	3	34	B	loss
14	NA	-Inf	Inf	4	7	B	loss
17	q	41865689	Inf	1	227	AAB	gain
17	q	41865689	Inf	2	221	AAB	gain
17	q	41865689	Inf	3	34	AAB	gain
17	q	41865689	Inf	4	7	AAB	gain
19	p	-Inf	16857901	1	227	AAB	gain
8	NA	-Inf	Inf	4	7	NA	gain
9	NA	-Inf	Inf	4	7	NA	gain
10	NA	-Inf	Inf	4	7	NA	gain
11	NA	-Inf	Inf	4	7	NA	gain
12	NA	-Inf	Inf	4	7	NA	gain
15	NA	-Inf	Inf	4	7	NA	gain
20	NA	-Inf	Inf	4	7	NA	gain
21	NA	-Inf	Inf	4	7	NA	gain
22	NA	-Inf	Inf	4	7	NA	gain
10	NA	-Inf	Inf	1	227	AA	loh
